,cik,Ticker,fy,fp,date,filed,ddate,Assets,AssetsCurrent,Cash,AssetsNoncurrent,Liabilities,LiabilitiesCurrent,LiabilitiesNoncurrent,Equity,HolderEquity,RetainedEarnings,AdditionalPaidInCapital,TreasuryStockValue,TemporaryEquity,RedeemableEquity,LiabilitiesAndEquity,n_cik_bs,Revenues,CostOfRevenue,GrossProfit,OperatingExpenses,OperatingIncomeLoss,IncomeLossFromContinuingOperationsBeforeIncomeTaxExpenseBenefit,AllIncomeTaxExpenseBenefit,IncomeLossFromContinuingOperations,IncomeLossFromDiscontinuedOperationsNetOfTax,ProfitLoss,NetIncomeLossAttributableToNoncontrollingInterest,NetIncomeLoss,n_cik_is,NetCashProvidedByUsedInOperatingActivitiesContinuingOperations,NetCashProvidedByUsedInFinancingActivitiesContinuingOperations,NetCashProvidedByUsedInInvestingActivitiesContinuingOperations,NetCashProvidedByUsedInOperatingActivities,NetCashProvidedByUsedInFinancingActivities,NetCashProvidedByUsedInInvestingActivities,CashProvidedByUsedInOperatingActivitiesDiscontinuedOperations,CashProvidedByUsedInInvestingActivitiesDiscontinuedOperations,CashProvidedByUsedInFinancingActivitiesDiscontinuedOperations,EffectOfExchangeRateFinal,CashPeriodIncreaseDecreaseIncludingExRateEffectFinal,n_cik,sic,stprba,countryinc,afs,nciks
55,1800,ABBOTT LABORATORIES,2009,Q2,2009-06-30,20090807,20090630,47630017000,19628376000,4204304000,28001641000,27709949000,12042381000,15667568000,19920068000,19920068000,15296662000,0,-3338360000,0,0,47630017000,60,14213244000,6064919000,8148325000,5416146000,2732179000,3499517000,772775000,2726742000,0,2726742000,0,2726742000,60,2412519000,1354979000,-3743150000,2412519000,1354979000,-3743150000,0,0,0,67934000,92282000,60,2834,IL,US,1-LAF,1
56,1800,ABBOTT LABORATORIES,2009,Q3,2009-09-30,20091106,20090930,49846820000,21415842000,4875915000,28430978000,28472070000,12524507000,15947563000,21374750000,21374750000,16152254000,0,-3321727000,0,0,49846820000,60,21974580000,9425106000,12549474000,8177542000,4371932000,5370892000,1163783000,4207109000,0,4207109000,0,4207109000,60,5442543000,498646000,-5261587000,5442543000,498646000,-5261587000,0,0,0,84291000,763893000,60,2834,IL,US,1-LAF,1
57,1800,ABBOTT LABORATORIES,2009,FY,2009-12-31,20100219,20091231,52416623000,23313891000,8809339000,29102732000,29517894000,13049489000,16468405000,22898729000,22898729000,17054027000,0,-3310347000,0,0,52416623000,60,30764707000,13209329000,17555378000,11319637000,6235741000,7193774000,1447936000,5745838000,0,5745838000,0,5745838000,60,7275160000,1002019000,-3698710000,7275160000,1002019000,-3698710000,0,0,0,118848000,4697317000,60,2834,IL,US,1-LAF,1
58,1800,ABBOTT LABORATORIES,2010,Q1,2010-03-31,20100504,20100331,53358622000,17690678000,1566820000,35667944000,32346282000,15183485000,17162797000,21012340000,21012340000,17367857000,0,-3945682000,0,0,53358622000,60,7698354000,3335104000,4363250000,2892767000,1470483000,1322207000,319192000,1003015000,0,1003015000,0,1003015000,60,1522752000,-520199000,-7658760000,1522752000,-520199000,-7658760000,0,0,0,-586312000,-7242519000,60,2834,IL,US,1-LAF,1
59,1800,ABBOTT LABORATORIES,2010,Q2,2010-06-30,20100805,20100630,53381402000,19915307000,4321702000,33466095000,33386768000,14689260000,18697508000,19994634000,19994634000,17978462000,0,-3942188000,0,0,53381402000,60,16524368000,6879036000,9645332000,6568883000,3076449000,2880894000,586229000,2294665000,0,2294665000,0,2294665000,60,3871049000,-307321000,-7354928000,3871049000,-307321000,-7354928000,0,0,0,-696437000,-4487637000,60,2834,IL,US,1-LAF,1
60,1800,ABBOTT LABORATORIES,2010,Q3,2010-09-30,20101105,20100930,57373620000,19447420000,3818145000,37926200000,35890896000,15583871000,20307025000,21482724000,21482724000,18181133000,0,-3918310000,0,0,57373620000,60,25198873000,10620152000,14578721000,10321087000,4257634000,3945004000,759679000,3185325000,0,3185325000,0,3185325000,60,6419462000,-994427000,-9747926000,6419462000,-994427000,-9747926000,0,0,0,-668303000,-4991194000,60,2834,IL,US,1-LAF,1
61,1800,ABBOTT LABORATORIES,2010,FY,2010-12-31,20110218,20101231,59462266000,22317529000,3648371000,37144737000,36985802000,17262434000,19723368000,22476464000,22476464000,18927101000,0,-3916823000,0,0,59462266000,60,35166721000,14665192000,20501529000,14413948000,6087581000,5712834000,1086662000,4626172000,0,4626172000,0,4626172000,60,8735981000,-1087741000,-12188315000,8735981000,-1087741000,-12188315000,0,0,0,-620893000,-5160968000,60,2834,IL,US,1-LAF,1
62,1800,ABBOTT LABORATORIES,2011,Q1,2011-03-31,20110506,20110331,61651363000,23647132000,2740156000,38004231000,36931031000,17225103000,19705928000,24720332000,24720332000,19323753000,0,-3718827000,0,0,61651363000,60,9040850000,3858983000,5181867000,3880718000,1301149000,1068786000,204968000,863818000,0,863818000,0,863818000,60,2011146000,-684334000,-2301230000,2011146000,-684334000,-2301230000,0,0,0,66203000,-908215000,60,2834,IL,US,1-LAF,1
63,1800,ABBOTT LABORATORIES,2011,Q2,2011-06-30,20110804,20110630,62004241000,24132178000,4077018000,37872063000,35534538000,15839928000,19694610000,26469703000,26469703000,20509111000,0,-3713830000,0,0,62004241000,60,18657141000,7729455000,10927686000,7853084000,3074602000,2743342000,-63258000,2806600000,0,2806600000,0,2806600000,60,4514298000,-2070515000,-2095637000,4514298000,-2070515000,-2095637000,0,0,0,80501000,428647000,60,2834,IL,US,1-LAF,1
64,1800,ABBOTT LABORATORIES,2011,Q3,2011-09-30,20111104,20110930,59628176000,23094416000,5049299000,36533760000,34939204000,15413961000,19525243000,24688972000,24688972000,20052443000,0,-3691223000,0,0,59628176000,60,28473806000,11702705000,16771101000,13101621000,3669480000,3244937000,135156000,3109781000,0,3109781000,0,3109781000,60,7568728000,-4738637000,-1103642000,7568728000,-4738637000,-1103642000,0,0,0,-325521000,1400928000,60,2834,IL,US,1-LAF,1
65,1800,ABBOTT LABORATORIES,2011,FY,2011-12-31,20120221,20111231,60276893000,23768774000,6812820000,36508119000,35750748000,15480228000,20270520000,24526145000,24526145000,20907362000,0,-3687478000,0,0,60276893000,60,38851259000,15540580000,23310679000,17558731000,5751948000,5198642000,470193000,4728449000,0,4728449000,0,4728449000,60,8970077000,-6023455000,260832000,8970077000,-6023455000,260832000,0,0,0,-43005000,3164449000,60,2834,IL,US,1-LAF,1
66,1800,ABBOTT LABORATORIES,2012,Q1,2012-03-31,20120508,20120331,62415801000,25602131000,4345910000,36813670000,36872367000,16785923000,20086444000,25543434000,25543434000,21314465000,0,-4297725000,0,0,62415801000,60,9456633000,3724921000,5731712000,4155990000,1575722000,1513029000,270905000,1242124000,0,1242124000,0,1242124000,60,2224930000,286074000,-5012614000,2224930000,286074000,-5012614000,0,0,0,34700000,-2466910000,60,2834,IL,US,1-LAF,1
67,1800,ABBOTT LABORATORIES,2012,Q2,2012-06-30,20120807,20120630,61859790000,26257492000,7052776000,35602298000,37287305000,17120467000,20166838000,24572485000,24572485000,22227912000,0,-5012598000,0,0,61859790000,60,19263733000,7362226000,11901507000,8221364000,3680143000,3516346000,549610000,2966736000,0,2966736000,0,2966736000,60,4291759000,401441000,-4324244000,4291759000,401441000,-4324244000,0,0,0,-129000000,239956000,60,2834,IL,US,1-LAF,1
68,1800,ABBOTT LABORATORIES,2012,Q3,2012-09-30,20121107,20120930,63257738000,27264244000,7996948000,35993494000,36153397000,16285978000,19867419000,27104341000,27104341000,23326756000,0,-4975279000,0,0,63257738000,60,29036974000,11060308000,17976666000,12307474000,5669192000,5388727000,479188000,4909539000,0,4909539000,0,4909539000,60,7811261000,-1789516000,-4855851000,7811261000,-1789516000,-4855851000,0,0,0,18234000,1184128000,60,2834,IL,US,1-LAF,1
69,1800,ABBOTT LABORATORIES,2012,FY,2012-12-31,20130215,20121231,67234944000,31322583000,10802163000,35912361000,40421712000,13280176000,27141536000,26813232000,26813232000,24150996000,0,-5590909000,0,0,67234944000,60,39873910000,15119718000,24754192000,16669677000,8084515000,6262614000,299694000,5962920000,0,5962920000,0,5962920000,60,9314401000,716093000,-6081288000,9314401000,716093000,-6081288000,0,0,0,40137000,3989343000,60,2834,IL,US,1-LAF,1
70,1800,ABBOTT LABORATORIES,2013,Q1,2013-03-31,20130508,20130331,42686613000,19096868000,4373120000,23589745000,20003338000,10406326000,9591687000,22683275000,22683275000,20062483000,0,-6194998000,0,0,42686613000,60,5377895000,2431803000,2946092000,2331304000,614788000,554551000,9890000,544661000,0,544661000,0,544661000,60,460255000,-4732700000,-2108011000,460255000,-4732700000,-2108011000,0,0,0,-48587000,-6429043000,60,2834,IL,US,1-LAF,1
71,1800,ABBOTT LABORATORIES,2013,Q2,2013-06-30,20130806,20130630,42903346000,19831124000,5572254000,23072222000,20475700000,10919614000,9550091000,22427646000,22427646000,20318892000,0,-6487355000,0,0,42903346000,60,10823920000,4976628000,5847292000,4605028000,1242264000,1155300000,134584000,1020716000,0,1020716000,0,1020716000,60,1176814000,-4268187000,-2071937000,1176814000,-4268187000,-2071937000,0,0,0,-66599000,-5229909000,60,2834,IL,US,1-LAF,1
72,1800,ABBOTT LABORATORIES,2013,Q3,2013-09-30,20131107,20130930,44132477000,19748949000,2882454000,24383528000,20344546000,11331665000,9006676000,23787931000,23787931000,21668078000,0,-6808771000,0,0,44132477000,60,16193059000,7427105000,8765954000,6893351000,1872603000,1783694000,-9884000,1793578000,0,1793578000,-192871000,1986449000,60,1698939000,-4826945000,-4768703000,1698939000,-4826945000,-4768703000,0,0,0,-23000000,-7919709000,60,2834,IL,US,1-LAF,1
73,1800,ABBOTT LABORATORIES,2013,FY,2013-12-31,20140221,20131231,42953000000,19247000000,3475000000,23706000000,17686000000,9507000000,8172000000,25267000000,25267000000,21979000000,0,-6844000000,0,0,42953000000,60,21848000000,10040000000,11808000000,9179000000,2629000000,2521000000,138000000,2383000000,193000000,2576000000,0,2576000000,60,3324000000,-6696000000,-3929000000,3324000000,-6696000000,-3929000000,0,0,0,-26000000,-7327000000,60,2834,IL,US,1-LAF,1
74,1800,ABBOTT LABORATORIES,2014,Q1,2014-03-31,20140507,20140331,41662000000,17931000000,2060000000,23731000000,18173000000,10186000000,7986000000,23489000000,23489000000,22005000000,0,-8713000000,0,0,41662000000,60,5244000000,2470000000,2774000000,2323000000,451000000,423000000,84000000,339000000,36000000,375000000,0,375000000,60,336000000,-1152000000,-595000000,336000000,-1152000000,-595000000,0,0,0,-4000000,-1415000000,60,2834,IL,US,1-LAF,1
75,1800,ABBOTT LABORATORIES,2014,Q2,2014-06-30,20140805,20140630,41475000000,18258000000,3570000000,23217000000,17771000000,9853000000,7917000000,23704000000,23704000000,22137000000,0,-8709000000,0,0,41475000000,60,10795000000,4976000000,5819000000,4607000000,1212000000,1160000000,361000000,799000000,42000000,841000000,0,841000000,60,1236000000,-1771000000,633000000,1236000000,-1771000000,633000000,0,0,0,-3000000,95000000,60,2834,IL,US,1-LAF,1
76,1800,ABBOTT LABORATORIES,2014,Q3,2014-09-30,20141106,20140930,42514000000,16464000000,3613000000,26050000000,19521000000,10823000000,8602000000,22993000000,22993000000,22335000000,0,-8679000000,0,0,42514000000,60,14957000000,6918000000,8039000000,6267000000,1772000000,1716000000,627000000,1089000000,291000000,1380000000,0,1380000000,60,2437000000,-2042000000,-192000000,2437000000,-2042000000,-192000000,0,0,0,-65000000,138000000,60,2834,IL,US,1-LAF,1
77,1800,ABBOTT LABORATORIES,2014,FY,2014-12-31,20150227,20141231,41275000000,15261000000,4063000000,26014000000,19636000000,10532000000,8996000000,21639000000,21639000000,22874000000,0,-8678000000,0,0,41275000000,60,20247000000,9218000000,11029000000,8430000000,2599000000,2518000000,797000000,1721000000,563000000,2284000000,0,2284000000,60,3675000000,-2742000000,-202000000,3675000000,-2742000000,-202000000,0,0,0,-143000000,588000000,60,2834,IL,US,1-LAF,1
78,1800,ABBOTT LABORATORIES,2015,Q1,2015-03-31,20150506,20150331,43095000000,19985000000,3226000000,23110000000,21107000000,9206000000,11901000000,21988000000,21988000000,24740000000,0,-9721000000,0,0,43095000000,60,4897000000,2081000000,2816000000,2206000000,610000000,653000000,-124000000,777000000,1763000000,2292000000,0,2292000000,60,2000000,-550000000,-205000000,2000000,-550000000,-205000000,0,0,0,-84000000,-837000000,60,2834,IL,US,1-LAF,1
79,1800,ABBOTT LABORATORIES,2015,Q2,2015-06-30,20150804,20150630,44125000000,21131000000,4048000000,22994000000,20999000000,9185000000,11814000000,23126000000,23126000000,25162000000,0,-9716000000,0,0,44125000000,60,10067000000,4299000000,5768000000,4429000000,1339000000,1639000000,-324000000,1963000000,1761000000,3076000000,0,3076000000,60,943000000,-924000000,37000000,943000000,-924000000,37000000,0,0,0,-71000000,-15000000,60,2834,IL,US,1-LAF,1
80,1800,ABBOTT LABORATORIES,2015,Q3,2015-09-30,20151105,20150930,41725000000,15894000000,3132000000,25831000000,20506000000,8755000000,11751000000,21219000000,21219000000,25375000000,0,-9694000000,0,0,41725000000,60,15217000000,6541000000,8676000000,6624000000,2052000000,2353000000,-442000000,2795000000,1745000000,3656000000,0,3656000000,60,2138000000,-1739000000,-1160000000,2138000000,-1739000000,-1160000000,0,0,0,-170000000,-931000000,60,2834,IL,US,1-LAF,1
81,1800,ABBOTT LABORATORIES,2015,FY,2015-12-31,20160219,20151231,41247000000,14155000000,5001000000,27092000000,19921000000,9186000000,10735000000,21326000000,21326000000,25757000000,0,-10622000000,0,0,41247000000,60,20405000000,8747000000,11658000000,8791000000,2867000000,3183000000,-577000000,3760000000,1817000000,4423000000,0,4423000000,60,2966000000,-2236000000,406000000,2966000000,-2236000000,406000000,0,0,0,-198000000,938000000,60,2834,IL,US,1-LAF,1
82,1800,ABBOTT LABORATORIES,2016,Q1,2016-03-31,20160504,20160331,39637000000,12406000000,3334000000,27231000000,18795000000,8393000000,10402000000,20842000000,20842000000,25654000000,0,-10825000000,0,0,39637000000,60,4885000000,2140000000,2745000000,2221000000,524000000,2000000,54000000,-52000000,260000000,316000000,0,316000000,60,-93000000,-1432000000,226000000,-93000000,-1432000000,226000000,0,0,0,-368000000,-1667000000,60,2834,IL,US,1-LAF,1
83,1800,ABBOTT LABORATORIES,2016,Q2,2016-06-30,20160803,20160630,39831000000,12988000000,2578000000,26843000000,19036000000,8673000000,10363000000,20795000000,20795000000,25884000000,0,-10821000000,0,0,39831000000,60,10218000000,4427000000,5791000000,4451000000,1340000000,717000000,-62000000,779000000,276000000,931000000,0,931000000,60,816000000,-1611000000,-1244000000,816000000,-1611000000,-1244000000,0,0,0,-384000000,-2423000000,60,2834,IL,US,1-LAF,1
84,1800,ABBOTT LABORATORIES,2016,Q3,2016-09-30,20161103,20160930,39497000000,12978000000,2500000000,26519000000,18601000000,8321000000,10220000000,20896000000,20896000000,25162000000,0,-10792000000,0,0,39497000000,60,15520000000,6712000000,8808000000,6571000000,2237000000,538000000,240000000,298000000,304000000,602000000,0,602000000,60,2033000000,-2357000000,-1798000000,2033000000,-2357000000,-1798000000,0,0,0,-379000000,-2501000000,60,2834,IL,US,1-LAF,1
85,1800,ABBOTT LABORATORIES,2016,FY,2016-12-31,20170217,20161231,52666000000,26776000000,18620000000,25890000000,31949000000,6660000000,25230000000,20717000000,20717000000,25565000000,0,0,0,0,52666000000,60,20853000000,9024000000,11829000000,8644000000,3185000000,1413000000,350000000,1063000000,337000000,1400000000,0,1400000000,60,3203000000,11147000000,-248000000,3203000000,11147000000,-248000000,0,0,0,-483000000,13619000000,60,2834,IL,US,1-LAF,1
86,1800,ABBOTT LABORATORIES,2017,Q1,2017-03-31,20170503,20170331,70887000000,19329000000,8706000000,51558000000,39340000000,6646000000,23764000000,31547000000,31547000000,25387000000,0,0,0,0,70887000000,60,6335000000,3044000000,3291000000,3493000000,-202000000,736000000,350000000,386000000,33000000,419000000,0,419000000,60,574000000,-4399000000,-6154000000,574000000,-4399000000,-6154000000,0,0,0,65000000,-9914000000,60,2834,IL,US,1-LAF,1
87,1800,ABBOTT LABORATORIES,2017,Q2,2017-06-30,20170802,20170630,71151000000,19983000000,9675000000,51168000000,39363000000,6803000000,23810000000,31788000000,31788000000,25202000000,0,0,0,0,71151000000,60,12972000000,6217000000,6755000000,6530000000,225000000,1031000000,375000000,656000000,46000000,702000000,0,702000000,60,1925000000,-4783000000,-6160000000,1925000000,-4783000000,-6160000000,0,0,0,73000000,-8945000000,60,2834,IL,US,1-LAF,1
88,1800,ABBOTT LABORATORIES,2017,Q3,2017-09-30,20171102,20170930,72248000000,21377000000,11012000000,50871000000,40030000000,7935000000,23310000000,32218000000,32218000000,25320000000,0,0,0,0,72248000000,60,19801000000,9074000000,10727000000,9692000000,1035000000,1657000000,440000000,1217000000,88000000,1305000000,0,1305000000,60,3930000000,-5169000000,-6466000000,3930000000,-5169000000,-6466000000,0,0,0,97000000,-7608000000,60,,,,,
89,1800,ABBOTT LABORATORIES,2017,FY,2017-12-31,20180216,20171231,76250000000,20147000000,9407000000,56103000000,45152000000,8912000000,36240000000,31098000000,31098000000,23978000000,0,0,0,0,76250000000,60,27390000000,12337000000,15053000000,13327000000,1726000000,2231000000,1878000000,353000000,124000000,477000000,0,477000000,60,5570000000,-5281000000,-9618000000,5570000000,-5281000000,-9618000000,0,0,0,116000000,-9213000000,60,2834,IL,US,1-LAF,1
90,1800,ABBOTT LABORATORIES,2018,Q1,2018-03-31,20180502,20180331,70908000000,14964000000,3857000000,55944000000,39307000000,9010000000,21154000000,31601000000,31601000000,23856000000,0,0,0,0,70908000000,60,7390000000,3067000000,4323000000,3715000000,608000000,431000000,22000000,409000000,0,409000000,-9000000,418000000,60,1108000000,-6455000000,-238000000,1108000000,-6455000000,-238000000,0,0,0,35000000,-5550000000,60,2834,IL,US,1-LAF,1
91,1800,ABBOTT LABORATORIES,2018,Q2,2018-06-30,20180801,20180630,68415000000,14122000000,3065000000,54293000000,37641000000,8951000000,19823000000,30774000000,30774000000,24080000000,0,0,0,0,68415000000,60,15157000000,6349000000,8808000000,7318000000,1490000000,1208000000,81000000,1127000000,24000000,1151000000,0,1151000000,60,2352000000,-8086000000,-537000000,2352000000,-8086000000,-537000000,0,0,0,-71000000,-6342000000,60,2834,IL,US,1-LAF,1
92,1800,ABBOTT LABORATORIES,2018,Q3,2018-09-30,20181031,20180930,71637000000,18196000000,7369000000,53441000000,40739000000,12776000000,19284000000,30898000000,30898000000,24144000000,0,0,0,0,71637000000,60,22813000000,9515000000,13298000000,10813000000,2485000000,1926000000,247000000,1679000000,35000000,1714000000,0,1714000000,60,4535000000,-5615000000,-860000000,4535000000,-5615000000,-860000000,0,0,0,-98000000,-2038000000,60,2834,IL,US,1-LAF,1
93,1800,ABBOTT LABORATORIES,2018,FY,2018-12-31,20190222,20181231,67173000000,14632000000,3844000000,52541000000,36451000000,9012000000,19359000000,30722000000,30722000000,24560000000,0,0,0,0,67173000000,60,30578000000,12706000000,17872000000,14222000000,3650000000,2873000000,539000000,2334000000,34000000,2368000000,0,2368000000,60,6300000000,-10391000000,-1356000000,6300000000,-10391000000,-1356000000,0,0,0,-116000000,-5563000000,60,2834,IL,US,1-LAF,1
94,1800,ABBOTT LABORATORIES,2019,Q1,2019-03-31,20190501,20190331,67610000000,14409000000,3022000000,53201000000,36481000000,9113000000,18845000000,31129000000,31129000000,24613000000,0,0,0,0,67610000000,60,7535000000,3160000000,4375000000,3636000000,739000000,632000000,-40000000,672000000,0,672000000,0,672000000,60,712000000,-1142000000,-396000000,712000000,-1142000000,-396000000,0,0,0,4000000,-822000000,60,2834,IL,US,1-LAF,1
95,1800,ABBOTT LABORATORIES,2019,Q2,2019-06-30,20190731,20190630,68427000000,15195000000,3137000000,53232000000,36533000000,9062000000,18982000000,31894000000,31894000000,25045000000,0,0,0,0,68427000000,60,15514000000,6439000000,9075000000,7130000000,1945000000,1734000000,56000000,1678000000,0,1678000000,0,1678000000,60,1772000000,-1591000000,-894000000,1772000000,-1591000000,-894000000,0,0,0,6000000,-707000000,60,2834,IL,US,1-LAF,1
96,1800,ABBOTT LABORATORIES,2019,Q3,2019-09-30,20191031,20190930,68539000000,16119000000,4091000000,52420000000,36520000000,10491000000,17639000000,32019000000,32019000000,25440000000,0,0,0,0,68539000000,60,23590000000,9797000000,13793000000,10650000000,3143000000,2837000000,199000000,2638000000,0,2638000000,0,2638000000,60,3720000000,-2104000000,-1326000000,3720000000,-2104000000,-1326000000,0,0,0,-43000000,247000000,60,2834,IL,US,1-LAF,1
97,1800,ABBOTT LABORATORIES,2019,FY,2019-12-31,20200221,20191231,67887000000,15667000000,3860000000,52220000000,36586000000,10863000000,16661000000,31301000000,31301000000,25847000000,0,0,0,0,67887000000,60,31904000000,13231000000,18673000000,14141000000,4532000000,4077000000,390000000,3687000000,0,3687000000,0,3687000000,60,6136000000,-4289000000,-1815000000,6136000000,-4289000000,-1815000000,0,0,0,-16000000,16000000,60,2834,IL,US,1-LAF,1
98,1800,ABBOTT LABORATORIES,2020,Q1,2020-03-31,20200429,20200331,66777000000,15498000000,3377000000,51279000000,36350000000,10808000000,16804000000,30427000000,30427000000,25786000000,0,0,0,0,66777000000,60,7726000000,3281000000,4445000000,3687000000,758000000,633000000,89000000,544000000,20000000,564000000,0,564000000,60,715000000,-735000000,-393000000,715000000,-735000000,-393000000,0,0,0,-70000000,-483000000,60,2834,IL,US,1-LAF,1
99,1800,ABBOTT LABORATORIES,2020,Q2,2020-06-30,20200729,20200630,68776000000,17221000000,4763000000,51555000000,37978000000,10959000000,18184000000,30798000000,30798000000,25669000000,0,0,0,0,68776000000,60,15054000000,6544000000,8510000000,7080000000,1430000000,1159000000,78000000,1081000000,20000000,1101000000,0,1101000000,60,2037000000,-77000000,-1012000000,2037000000,-77000000,-1012000000,0,0,0,-45000000,903000000,60,2834,IL,US,1-LAF,1
100,1800,ABBOTT LABORATORIES,2020,Q3,2020-09-30,20201104,20200930,69043000000,17390000000,4480000000,51653000000,37448000000,10257000000,18349000000,31595000000,31595000000,26266000000,0,0,0,0,69043000000,60,23907000000,10510000000,13397000000,10472000000,2925000000,2580000000,267000000,2313000000,20000000,2333000000,0,2333000000,60,4103000000,-1992000000,-1484000000,4103000000,-1992000000,-1484000000,0,0,0,-7000000,620000000,60,2834,IL,US,1-LAF,1
101,1800,ABBOTT LABORATORIES,2020,FY,2020-12-31,20210219,20201231,72548000000,20441000000,6838000000,52107000000,39545000000,11907000000,18527000000,33003000000,33003000000,27627000000,0,0,0,0,72548000000,60,34608000000,15003000000,19605000000,14248000000,5357000000,4968000000,497000000,4471000000,24000000,4495000000,0,4495000000,60,7901000000,-2779000000,-2215000000,7901000000,-2779000000,-2215000000,0,0,0,71000000,2978000000,60,2834,IL,US,1-LAF,1
102,1800,ABBOTT LABORATORIES,2021,Q1,2021-03-31,20210505,20210331,72785000000,21817000000,8054000000,50968000000,38997000000,12462000000,17489000000,33788000000,33788000000,28669000000,0,0,0,0,72785000000,60,10456000000,4401000000,6055000000,3946000000,2109000000,2043000000,250000000,1793000000,0,1793000000,0,1793000000,60,2637000000,-967000000,-422000000,2637000000,-967000000,-422000000,0,0,0,-32000000,1216000000,60,2834,IL,US,1-LAF,1
103,1800,ABBOTT LABORATORIES,2021,Q2,2021-06-30,20210804,20210630,73269000000,22627000000,8658000000,50642000000,39240000000,12614000000,17547000000,34029000000,34029000000,29053000000,0,0,0,0,73269000000,60,20679000000,9348000000,11331000000,7830000000,3501000000,3391000000,409000000,2982000000,0,2982000000,0,2982000000,60,4765000000,-2231000000,-686000000,4765000000,-2231000000,-686000000,0,0,0,-28000000,1820000000,60,2834,IL,US,1-LAF,1
104,1800,ABBOTT LABORATORIES,2021,Q3,2021-09-30,20211103,20210930,73795000000,23492000000,9302000000,50303000000,39157000000,12867000000,17446000000,34638000000,34638000000,30376000000,0,0,0,0,73795000000,60,31607000000,13771000000,17836000000,11789000000,6047000000,5884000000,802000000,5082000000,0,5082000000,0,5082000000,60,7466000000,-3608000000,-1337000000,7466000000,-3608000000,-1337000000,0,0,0,-57000000,2464000000,60,2834,IL,US,1-LAF,1
105,1800,ABBOTT LABORATORIES,2021,FY,2021-12-31,20220218,20211231,75196000000,24239000000,9799000000,50957000000,39172000000,13105000000,17296000000,36024000000,36024000000,31528000000,0,0,0,0,75196000000,60,43075000000,18537000000,24538000000,16113000000,8425000000,8211000000,1140000000,7071000000,0,7071000000,0,7071000000,60,10533000000,-5494000000,-2008000000,10533000000,-5494000000,-2008000000,0,0,0,-70000000,2961000000,60,,,,,
106,1800,ABBOTT LABORATORIES,2022,Q1,2022-03-31,20220503,20220331,74007000000,23429000000,7675000000,50578000000,38378000000,12647000000,17086000000,35629000000,35629000000,33295000000,0,0,0,0,74007000000,60,11895000000,4987000000,6908000000,3996000000,2912000000,2876000000,429000000,2447000000,0,2447000000,0,2447000000,60,2065000000,-3823000000,-360000000,2065000000,-3823000000,-360000000,0,0,0,-6000000,-2124000000,60,2834,IL,US,1-LAF,1
107,1800,ABBOTT LABORATORIES,2022,Q2,2022-06-30,20220802,20220630,74202000000,24956000000,8937000000,49246000000,37486000000,12392000000,16755000000,36716000000,36716000000,34487000000,0,0,0,0,74202000000,60,23152000000,9920000000,13232000000,7944000000,5288000000,5228000000,763000000,4465000000,0,4465000000,0,4465000000,60,4475000000,-4636000000,-624000000,4475000000,-4636000000,-624000000,0,0,0,-77000000,-862000000,60,2834,IL,US,1-LAF,1
108,1800,ABBOTT LABORATORIES,2022,Q3,2022-09-30,20221101,20220930,72801000000,24845000000,9594000000,47956000000,36917000000,13365000000,15297000000,35884000000,35884000000,35115000000,0,0,0,0,72801000000,60,33562000000,14549000000,19013000000,11955000000,7058000000,6986000000,1086000000,5900000000,0,5900000000,0,5900000000,60,7255000000,-6179000000,-1108000000,7255000000,-6179000000,-1108000000,0,0,0,-173000000,-205000000,60,2834,IL,US,1-LAF,1
109,1800,ABBOTT LABORATORIES,2022,FY,2022-12-31,20230217,20221231,74438000000,25224000000,9882000000,49214000000,37533000000,15489000000,14522000000,36905000000,36905000000,35257000000,0,0,0,0,74438000000,60,43653000000,19142000000,24511000000,16149000000,8362000000,8306000000,1373000000,6933000000,0,6933000000,0,6933000000,60,9581000000,-7636000000,-1740000000,9581000000,-7636000000,-1740000000,0,0,0,-122000000,83000000,60,2834,IL,US,1-LAF,1
110,1800,ABBOTT LABORATORIES,2023,Q1,2023-03-31,20230504,20230331,73794000000,24377000000,9161000000,49417000000,36562000000,14530000000,14615000000,37232000000,37232000000,35868000000,0,0,0,0,73794000000,60,9747000000,4331000000,5416000000,3907000000,1509000000,1562000000,244000000,1318000000,0,1318000000,0,1318000000,60,1143000000,-1410000000,-462000000,1143000000,-1410000000,-462000000,0,0,0,8000000,-721000000,60,2834,IL,US,1-LAF,1
111,1800,ABBOTT LABORATORIES,2023,Q2,2023-06-30,20230803,20230630,73354000000,23505000000,7835000000,49849000000,35950000000,14350000000,14562000000,37404000000,37404000000,36355000000,0,0,0,0,73354000000,60,19725000000,8814000000,10911000000,7860000000,3051000000,3198000000,505000000,2693000000,0,2693000000,0,2693000000,60,2346000000,-2699000000,-1675000000,2346000000,-2699000000,-1675000000,0,0,0,-19000000,-2047000000,60,2834,IL,US,1-LAF,1
112,1800,ABBOTT LABORATORIES,2023,Q3,2023-09-30,20231101,20230930,72090000000,22664000000,6709000000,49426000000,34396000000,13042000000,14477000000,37694000000,37694000000,36920000000,0,0,0,0,72090000000,60,29868000000,13419000000,16449000000,11751000000,4698000000,4869000000,740000000,4129000000,0,4129000000,0,4129000000,60,4223000000,-5039000000,-2309000000,4223000000,-5039000000,-2309000000,0,0,0,-48000000,-3173000000,60,,,,,
113,1800,ABBOTT LABORATORIES,2023,FY,2023-12-31,20240216,20231231,73214000000,22670000000,6896000000,50544000000,34387000000,13841000000,13599000000,38827000000,38827000000,37554000000,0,0,0,0,73214000000,60,40109000000,17975000000,22134000000,15656000000,6478000000,6664000000,941000000,5723000000,0,5723000000,0,5723000000,60,7261000000,-7091000000,-3133000000,7261000000,-7091000000,-3133000000,0,0,0,-23000000,-2986000000,60,,,,,
114,1800,ABBOTT LABORATORIES,2024,Q1,2024-03-31,20240502,20240331,72467000000,22376000000,6284000000,50091000000,33424000000,14021000000,12576000000,39043000000,39043000000,38011000000,0,0,0,0,72467000000,60,9964000000,4463000000,5501000000,4115000000,1386000000,1436000000,211000000,1225000000,0,1225000000,0,1225000000,60,1025000000,-1176000000,-425000000,1025000000,-1176000000,-425000000,0,0,0,-36000000,-612000000,60,2834,IL,US,1-LAF,1
